"http://sciencenow.sciencemag.org","/index.dtl","4301014","2879690","120.0332601","0.523395124","0.450444477","0","http://sciencenow.sciencemag.org/index.dtl"
"http://sciencenow.sciencemag.org","/cgi/search?fulltext=&datetype=rangeweeks&rangeweeks=4&hits=20&sortspec=date&searchtype=allfree","287330","182291","57.57203469","0.504978285","0.214164898","0","http://sciencenow.sciencemag.org/cgi/search?fulltext=&datetype=rangeweeks&rangeweeks=4&hits=20&sortspec=date&searchtype=allfree"
"http://sciencenow.sciencemag.org","/archive/index.dtl","264717","186490","28.0867929","0.271691835","0.141740047","0","http://sciencenow.sciencemag.org/archive/index.dtl"
"http://sciencenow.sciencemag.org","/science-shots/index.dtl","239011","180321","209.987249","0.715328282","0.447766002","0","http://sciencenow.sciencemag.org/science-shots/index.dtl"
"http://sciencenow.sciencemag.org","/top10/index.dtl","177598","116771","48.15135038","0.389788034","0.183988558","0","http://sciencenow.sciencemag.org/top10/index.dtl"
"http://sciencenow.sciencemag.org","/cgi/content/full/sciencenow","79686","66084","117.4636924","0.777643423","0.562595688","0","http://sciencenow.sciencemag.org/cgi/content/full/sciencenow"
"http://sciencenow.sciencemag.org","/cgi/content/full/2007/1005/2","74830","72183","176.704758","0.962954569","0.901416544","0","Something in the Way She Moves? - ScienceNOW"
"http://sciencenow.sciencemag.org","/search.dtl","73801","42417","40.20583878","0.321579798","0.18590534","0","http://sciencenow.sciencemag.org/search.dtl"
"http://sciencenow.sciencemag.org","/cgi/search?FIRSTINDEX=20&hits=20&searchtype=allfree&datetype=rangeweeks&rangeweeks=4&sortspec=date","73480","38512","47.34764188","0.39600921","0.097387044","0","http://sciencenow.sciencemag.org/cgi/search?FIRSTINDEX=20&hits=20&searchtype=allfree&datetype=rangeweeks&rangeweeks=4&sortspec=date"
"http://sciencenow.sciencemag.org","/cgi/content/full/2009/813/2","72487","69388","179.4051293","0.950304951","0.864982687","0","Early Risers Are Mutants - ScienceNOW"
"http://sciencenow.sciencemag.org","/cgi/content/full/2008/229/1?rss=1","63139","58935","179.4614759","0.92613975","0.922092526","0","Physicists Successfully Store and Retrieve Nothing - ScienceNOW"
"http://sciencenow.sciencemag.org","/cgi/content/full/2009/1001/1","58869","44683","246.1359269","0.761670057","0.674701456","0","Ancient Skeleton May Rewrite Earliest Chapter of Human Evolution - ScienceNOW"
"http://sciencenow.sciencemag.org","/cgi/content/full/2009/1030/2","57251","53705","178.7356228","0.923900043","0.829609963","0","A Little Fellatio Goes a Long Way - ScienceNOW"
"http://sciencenow.sciencemag.org","/cgi/content/full/2008/604/3","52329","51534","218.8732831","0.981548929","0.95686904","0","Something's Shaking in Antarctica - ScienceNOW"
"http://sciencenow.sciencemag.org","/cgi/content/full/2008/128/2","48574","44392","165.813284","0.904584301","0.844093548","0","Tool Use Is Just a Trick of the Mind - ScienceNOW"
"http://sciencenow.sciencemag.org","/cgi/content/full/2008/1120/2","48321","45271","263.6808636","0.935614726","0.894559301","0","Dancing Scientists Invade YouTube - ScienceNOW"
"http://sciencenow.sciencemag.org","/cgi/content/full/2007/216/4","42489","35976","133.4421482","0.825425168","0.809809598","0","After a Short Delay, Quantum Mechanics Becomes Even Weirder - ScienceNOW"
"http://sciencenow.sciencemag.org","/cgi/content/full/2010/113/4","41163","39523","203.2566766","0.958422733","0.934504288","0","Oil Drop Navigates Complex Maze - ScienceNOW"
"http://sciencenow.sciencemag.org","/cgi/content/full/2009/724/1","40456","39080","172.5325222","0.932327309","0.84153154","0","New Zealand Tree Stuck in a Time Warp - ScienceNOW"
"http://sciencenow.sciencemag.org","/cgi/content/full/2007/1120/1","38903","30084","184.0024053","0.743074594","0.668714495","0","Researchers Turn Skin Cells Into Stem Cells - ScienceNOW"
"http://sciencenow.sciencemag.org","/cgi/content/full/2008/528/2","37391","35678","141.4555308","0.947678578","0.832205611","0","Make Way for Superfrog - ScienceNOW"
"http://sciencenow.sciencemag.org","/cgi/content/full/2008/229/1","37133","33355","168.4396887","0.870415552","0.743920502","0","Physicists Successfully Store and Retrieve Nothing - ScienceNOW"
"http://sciencenow.sciencemag.org","/cgi/content/full/2010/203/1","36853","35627","197.0209857","0.950344746","0.91466095","0","Better to React Than to Act - ScienceNOW"
"http://sciencenow.sciencemag.org","/cgi/content/full/2008/103/1","36726","24165","137.4839376","0.508290936","0.59146109","0","Another Big Bang for Biology - ScienceNOW"
"http://sciencenow.sciencemag.org","/cgi/content/full/2009/730/1","36596","33370","182.6445578","0.9054883","0.839326702","0","Ancient Roman City Rises Again - ScienceNOW"
"http://sciencenow.sciencemag.org","/cgi/content/full/2008/609/1","36566","34503","184.2788496","0.894707624","0.846906963","0","Say Goodbye to Wimpy Paper - ScienceNOW"
"http://sciencenow.sciencemag.org","/cgi/content/full/2009/212/2?etoc=","36446","32786","111.6619617","0.88778431","0.885309773","0","Ancient Virus Gave Wasps Their Sting - ScienceNOW"
"http://sciencenow.sciencemag.org","/cgi/content/full/2009/417/1","35740","32479","226.4617401","0.867924528","0.658477896","0","Closer Look at Einstein's Brain - ScienceNOW"
"http://sciencenow.sciencemag.org","/cgi/content/full/2007/621/1","34501","24638","134.5381431","0.598683897","0.656908495","0","No More Black Holes? - ScienceNOW"
"http://sciencenow.sciencemag.org","/cgi/content/full/2009/508/2","33482","29811","147.3403837","0.87096122","0.75712323","0","Neutron Stars: Billions of Times Stronger Than Steel - ScienceNOW"
"http://sciencenow.sciencemag.org","/cgi/content/full/2008/528/3","32216","31388","215.8159074","0.938855561","0.916873603","0","Donor Gives $5 Million to Aid Fermilab - ScienceNOW"
"http://sciencenow.sciencemag.org","/about/index.dtl","31090","26587","54.6028481","0.546989051","0.349501447","0","http://sciencenow.sciencemag.org/about/index.dtl"
"http://sciencenow.sciencemag.org","/cgi/content/full/2008/1224/1","31043","17294","85.57646377","0.456579308","0.277067294","0","The Top 10 ScienceNOWs of 2008 - ScienceNOW"
"http://sciencenow.sciencemag.org","/cgi/content/full/2008/923/1?rss=1","29461","28682","326.4151119","0.968308501","0.963612912","0","Last Ant Standing - ScienceNOW"
"http://sciencenow.sciencemag.org","/cgi/mailafriend","28486","21441","34.73806944","0.638392857","0.319560486","0","http://sciencenow.sciencemag.org/cgi/mailafriend"
"http://sciencenow.sciencemag.org","/cgi/content/full/2008/603/1","27729","26966","178.7722849","0.968897074","0.907353312","0","The Milky Way Gets a Facelift - ScienceNOW"
"http://sciencenow.sciencemag.org","/cgi/search?FIRSTINDEX=40&hits=20&searchtype=allfree&datetype=rangeweeks&rangeweeks=4&sortspec=date","25570","17324","49.61259664","0.404878049","0.205827141","0","http://sciencenow.sciencemag.org/cgi/search?FIRSTINDEX=40&hits=20&searchtype=allfree&datetype=rangeweeks&rangeweeks=4&sortspec=date"
"http://sciencenow.sciencemag.org","/cgi/content/full/2008/813/3","24739","20264","158.9534271","0.705463369","0.585997817","0","Quantum Physics Gets &quot;Spooky&quot; - ScienceNOW"
"http://sciencenow.sciencemag.org","/cgi/content/full/2008/320/1","24679","22968","155.8393497","0.911120612","0.852951902","0","New Form of Vision Discovered - ScienceNOW"
"http://sciencenow.sciencemag.org","/cgi/content/full/2008/111/2?rss=1","23122","22599","229.0452055","0.971880414","0.968428337","0","Cosmic Cloud on Collision Course - ScienceNOW"
"http://sciencenow.sciencemag.org","/cgi/content/full/2008/523/1","22815","21870","253.3977824","0.950764095","0.873504274","0","Tracing Humanity's Path - ScienceNOW"
"http://sciencenow.sciencemag.org","/cgi/content/full/2009/1224/1","22216","19006","136.960818","0.434953538","0.370453727","0","The Top 10 ScienceNOWs of 2009 - ScienceNOW"
"http://sciencenow.sciencemag.org","/cgi/content/full/2008/1126/2","21965","20785","159.4821555","0.933448112","0.80737537","0","Most Planets May Be Seeded With Life - ScienceNOW"
"http://sciencenow.sciencemag.org","/cgi/content/full/2008/118/3","21759","20581","143.7421859","0.946664093","0.780918241","0","An Eye for Sexual Orientation - ScienceNOW"
"http://sciencenow.sciencemag.org","/cgi/content/full/2008/320/4","20875","19894","208.6970454","0.9494916","0.884886228","0","Glimpses of a New Subatomic Particle? - ScienceNOW"
"http://sciencenow.sciencemag.org","/cgi/content/full/2008/521/4","20617","19984","193.4587332","0.973936313","0.924188776","0","Vaccine Booster's Secret Revealed - ScienceNOW"
"http://sciencenow.sciencemag.org","/cgi/content/full/2008/417/1","20550","19451","219.2750159","0.917781252","0.84729927","0","Second Family of High-Temperature Superconductors Discovered - ScienceNOW"
"http://sciencenow.sciencemag.org","/cgi/content/full/2008/625/1","19727","18385","183.786435","0.918949273","0.81913114","0","Revising HIV's History - ScienceNOW"
"http://sciencenow.sciencemag.org","/top10/index.dtl?page=archive","19659","8399","14.3827034","0.494553377","0.056564423","0","http://sciencenow.sciencemag.org/top10/index.dtl?page=archive"
"http://sciencenow.sciencemag.org","/cgi/content/full/2008/123/3","19502","17311","202.7026415","0.859992353","0.796174751","0","Higgs Hiding in Plain Sight? - ScienceNOW"
"http://sciencenow.sciencemag.org","/cgi/content/full/2008/201/1","19263","16736","130.3041734","0.823384664","0.676582048","0","Don't It Make Your Brown Eyes Blue? - ScienceNOW"
"http://sciencenow.sciencemag.org","/cgi/content/full/2007/1221/2","18882","18166","183.5690305","0.953017043","0.845408325","0","No Dice for Slow Roll? - ScienceNOW"
"http://sciencenow.sciencemag.org","/cgi/content/full/2009/313/1","18552","17317","206.4341021","0.89256582","0.803686934","0","New Type of Superconductivity Spotted - ScienceNOW"
"http://sciencenow.sciencemag.org","/cgi/content/full/2010/122/1","18359","17126","266.4501202","0.883785025","0.81872651","0","Colliding Particles Can Make Black Holes - ScienceNOW"
"http://sciencenow.sciencemag.org","/cgi/content/full/2009/424/1","18288","17009","142.3202562","0.892558012","0.795111549","0","Presto, Instant Sunglasses! - ScienceNOW"
"http://sciencenow.sciencemag.org","/cgi/content/full/2009/923/1","18250","17135","196.3422934","0.927085552","0.808383562","0","Dylan to Darwin: Don't Look Back - ScienceNOW"
"http://sciencenow.sciencemag.org","/cgi/content/full/2008/918/2","18074","16091","224.9728155","0.890099414","0.829036185","0","The Politics of Fear - ScienceNOW"
"http://sciencenow.sciencemag.org","/cgi/content/full/2009/707/2","17936","16848","176.7857143","0.897147147","0.815008921","0","Did an Ancient Volcano Freeze Earth? - ScienceNOW"
"http://sciencenow.sciencemag.org","/cgi/content/full/2008/812/1","17755","17195","264.0513748","0.960103118","0.922162771","0","The Anthrax Case: From Spores to a Suspect - ScienceNOW"
"http://sciencenow.sciencemag.org","/cgi/content/full/2009/1029/2","17662","16045","152.1857599","0.87822071","0.751896727","0","Brain Cells Chat, Even Without a Synapse - ScienceNOW"
"http://sciencenow.sciencemag.org","/cgi/content/full/2008/125/1?rss=1","17405","15384","161.1833333","0.874942948","0.875897731","0","The Ocean's Biological Deserts Are Expanding - ScienceNOW"
"http://sciencenow.sciencemag.org","/archive/2008.dtl","16968","10352","20.15285274","0.239726027","0.082743989","0","http://sciencenow.sciencemag.org/archive/2008.dtl"
"http://sciencenow.sciencemag.org","/cgi/content/full/2009/1014/1?rss=1","16802","16304","279.8604427","0.944109043","0.938162124","0","Weird &quot;Particles&quot; Spotted in Hot New Material - ScienceNOW"
"http://sciencenow.sciencemag.org","/cgi/search?searchtype=archive&datetype=rangedates&fmonth=Jan&fyear=2009&tmonth=Jan&tyear=2009&hits=20&sortspec=date","16667","10459","40.86726211","0.403508772","0.126717466","0","http://sciencenow.sciencemag.org/cgi/search?searchtype=archive&datetype=rangedates&fmonth=Jan&fyear=2009&tmonth=Jan&tyear=2009&hits=20&sortspec=date"
"http://sciencenow.sciencemag.org","/cgi/content/full/2008/401/2","16618","16090","156.6974754","0.96837293","0.859369359","0","The Amazing Shrinking Black Hole - ScienceNOW"
"http://sciencenow.sciencemag.org","/cgi/content/full/2009/429/2","16451","15643","186.4279789","0.917452321","0.838793994","0","Running Amok in the Milky Way - ScienceNOW"
"http://sciencenow.sciencemag.org","/cgi/content/full/2007/1214/2?rss=1","16067","15253","215.0788913","0.946100691","0.941619468","0","Why Do Whales Get the Bends? - ScienceNOW"
"http://sciencenow.sciencemag.org","/cgi/content/full/2009/1030/1","15950","14170","290.4110733","0.824369644","0.631974922","0","Mission Improbable: A Concise and Precise Definition of P-Value - ScienceNOW"
"http://sciencenow.sciencemag.org","/cgi/content/full/2007/1218/1","15384","13733","301.9185423","0.882608339","0.818057722","0","A Budget Too Small - ScienceNOW"
"http://sciencenow.sciencemag.org","/cgi/content/full/2009/430/1","15291","13355","244.1082895","0.835292813","0.639461121","0","That Bird Can Boogie - ScienceNOW"
"http://sciencenow.sciencemag.org","/cgi/content/full/2008/1103/1","15084","10278","115.6815111","0.462345448","0.568284275","0","Diesel Fuel From a Tree Fungus? - ScienceNOW"
"http://sciencenow.sciencemag.org","/cgi/content/full/2010/127/1","14990","13625","232.6342698","0.846473832","0.736424283","0","The Shocking Truth About Running Shoes - ScienceNOW"
"http://sciencenow.sciencemag.org","/cgi/content/full/2010/121/1","14859","13373","170.497198","0.857677584","0.783834713","0","Ride the Slime Mold Express! - ScienceNOW"
"http://sciencenow.sciencemag.org","/cgi/content/full/2008/415/2?etoc=","14748","14453","209.1911315","0.97242842","0.955655004","0","Sperm From Skin Becoming a Reality? - ScienceNOW"
"http://sciencenow.sciencemag.org","/cgi/content/full/2008/1113/1","14603","13117","167.3210881","0.860357815","0.755803602","0","Astronomers See Exoplanets for First Time - ScienceNOW"
"http://sciencenow.sciencemag.org","/cgi/content/full/2010/119/2","14567","13580","233.0594849","0.900264708","0.810736596","0","Human Ancestors Were an Endangered Species - ScienceNOW"
"http://sciencenow.sciencemag.org","/cgi/content/full/2009/1125/2","14363","13443","168.7330301","0.90303728","0.801016501","0","Milky Way Grew by Swallowing Other Galaxies - ScienceNOW"
"http://sciencenow.sciencemag.org","/cgi/search?searchtype=archive&datetype=rangedates&fmonth=Jan&fyear=2008&tmonth=Jan&tyear=2008&hits=20&sortspec=date","14051","9103","42.47560683","0.281914894","0.111593481","0","http://sciencenow.sciencemag.org/cgi/search?searchtype=archive&datetype=rangedates&fmonth=Jan&fyear=2008&tmonth=Jan&tyear=2008&hits=20&sortspec=date"
"http://sciencenow.sciencemag.org","/cgi/content/full/2008/414/3","13746","11856","160.0421239","0.824708558","0.588971337","0","Case Closed for Free Will? - ScienceNOW"
"http://sciencenow.sciencemag.org","/cgi/content/full/2010/106/3","13698","12777","163.677492","0.893579767","0.772959556","0","The Spiky Penis Gets the Girl - ScienceNOW"
"http://sciencenow.sciencemag.org","/cgi/content/full/2007/914/2","13672","8969","103.0775849","0.660886962","0.498464014","0","Loneliness Is in the Genes - ScienceNOW"
"http://sciencenow.sciencemag.org","/cgi/content/full/2008/107/1?rss=1","13600","13098","305.2760331","0.963144587","0.955514706","0","Biofuels on a Big Scale - ScienceNOW"
"http://sciencenow.sciencemag.org","/cgi/content/full/2009/924/1","13541","11696","193.0524652","0.752424349","0.649508899","0","A Whiff of Water Found on the Moon - ScienceNOW"
"http://sciencenow.sciencemag.org","/cgi/content/full/2010/115/2","13505","12764","193.6831765","0.880828465","0.732395409","0","Fish May Not Have Evolved Gills to Breathe - ScienceNOW"
"http://sciencenow.sciencemag.org","/cgi/content/full/2008/701/1?rss=1","13455","12482","205.0111836","0.926242048","0.920252694","0","A Very Memorable Trip - ScienceNOW"
"http://sciencenow.sciencemag.org","/cgi/content/full/2009/113/2","13392","12877","150.0092412","0.955021113","0.846475508","0","Care for a Silkworm With Your Tang? - ScienceNOW"
"http://sciencenow.sciencemag.org","/cgi/content/full/2008/724/1","13380","12313","157.5006966","0.896218307","0.731763827","0","Girls = Boys at Math - ScienceNOW"
"http://sciencenow.sciencemag.org","/cgi/content/full/2008/1016/1","13347","10232","139.6679211","0.593296241","0.581928523","0","Did Volcanoes Spark Life on Earth? - ScienceNOW"
"http://sciencenow.sciencemag.org","/cgi/content/full/2010/108/1","13323","12344","231.2155689","0.814100633","0.724236283","0","Egyptian Eyeliner May Have Warded Off Disease - ScienceNOW"
"http://sciencenow.sciencemag.org","/cgi/content/full/2009/1103/2","13274","12458","198.6875233","0.932695214","0.797724876","0","The Mountains That Froze the World - ScienceNOW"
"http://sciencenow.sciencemag.org","/cgi/content/full/2008/409/1","13018","12430","183.8952772","0.94346887","0.850361039","0","A Bang, a Whimper, and Another Bang? - ScienceNOW"
"http://sciencenow.sciencemag.org","/cgi/content/full/2009/529/1","12990","12016","177.0928003","0.802586794","0.526327945","0","A Billion-Year Hard Drive - ScienceNOW"
"http://sciencenow.sciencemag.org","/cgi/content/full/2009/709/1","12729","10403","200.0771402","0.779310345","0.66595962","0","Calorie-Counting Monkeys Live Longer - ScienceNOW"
"http://sciencenow.sciencemag.org","/cgi/content/full/2008/910/2","12702","11848","153.1636964","0.924593968","0.761454889","0","A Bright Light Shining Upon Us - ScienceNOW"
"http://sciencenow.sciencemag.org","/cgi/content/full/2009/914/2","12693","11732","185.2149037","0.888115305","0.717718427","0","Forest a Desert, Cool the World - ScienceNOW"
"http://sciencenow.sciencemag.org","/archive/2009.dtl","12598","8080","18.26816183","0.203263403","0.09747579","0","http://sciencenow.sciencemag.org/archive/2009.dtl"
"http://sciencenow.sciencemag.org","/cgi/content/full/2009/910/1","12585","11543","162.6765597","0.805473684","0.606436234","0","A Mystery in the Desert - ScienceNOW"
"http://sciencenow.sciencemag.org","/cgi/search?searchtype=archive&datetype=rangedates&fmonth=Apr&fyear=2009&tmonth=Apr&tyear=2009&hits=20&sortspec=date","12429","8092","48.72308768","0.421221865","0.194303645","0","http://sciencenow.sciencemag.org/cgi/search?searchtype=archive&datetype=rangedates&fmonth=Apr&fyear=2009&tmonth=Apr&tyear=2009&hits=20&sortspec=date"
"http://sciencenow.sciencemag.org","/cgi/content/full/2009/1022/2","12288","11005","164.0680861","0.846153846","0.65218099","0","Why Fish and Red Wine Don't Mix - ScienceNOW"
"http://sciencenow.sciencemag.org","/cgi/content/full/2009/1110/2","12064","11080","169.4709006","0.867026194","0.609748011","0","Bad Decisions May Be Contagious - ScienceNOW"
"http://blogs.sciencemag.org","/scienceinsider/","170083","127848","145.9665409","0.622907799","0.558938871","0","ScienceInsider: Breaking news and analysis from the world of science policy."
"http://blogs.sciencemag.org","/scienceinsider/swine-flu/","66015","47510","121.460788","0.593894565","0.520199955","0","ScienceInsider: Swine Flu Archives"
"http://blogs.sciencemag.org","/scienceinsider/2009/05/exclusive-meet.html","45551","43413","260.418883","0.952777843","0.933964128","0","Exclusive: SARS Sleuth Tracks Swine Flu, Attacks WHO - ScienceInsider"
"http://blogs.sciencemag.org","/scienceinsider/2009/03/researchers-aro.html","39799","37844","197.9318932","0.931437402","0.916254177","0","Researchers Worldwide Rally to Help Scientist Exposed to Ebola - ScienceInsider"
"http://blogs.sciencemag.org","/scienceinsider/2009/12/exclusiveobama.html","31752","29158","329.4932432","0.914118344","0.897455278","0","Exclusive: Obama Backs New Launcher and Bigger NASA Budget - ScienceInsider"
"http://blogs.sciencemag.org","/scienceinsider/2009/09/border-agencys.html","24732","22847","212.8109932","0.912283111","0.874211548","0","Scientists Decry ""Flawed"" and ""Horrifying"" Nationality Tests - ScienceInsider"
"http://blogs.sciencemag.org","/scienceinsider/2008/12/sources-john-ho.html","14303","12532","187.6869192","0.830671447","0.804376704","0","Sources: John Holdren to be Nominated as Obama's Science Adviser - ScienceInsider"
"http://blogs.sciencemag.org","/scienceinsider/2009/01/louisiana-creat.html","14127","12771","278.9807931","0.912614405","0.88575069","0","Louisiana Creates: New Pro-Intelligent Design Rules for Teachers - ScienceInsider"
"http://blogs.sciencemag.org","/scienceinsider/2009/11/in-climate-hack.html","13535","11987","365.1633875","0.867858426","0.827262652","0","In Climate Hack Story, Could Talk of Cover-Up Be as Serious as Crime? - ScienceInsider"
"http://blogs.sciencemag.org","/scienceinsider/2009/10/study-argues-us.html","13222","11014","162.4994633","0.906782135","0.788609893","0","Study Suggests U.S. Could Use Fewer, Not More Science Students* - ScienceInsider"
"http://blogs.sciencemag.org","/scienceinsider/2009/04/exclusive-cdc-h.html","12392","10980","328.2598949","0.840321235","0.769609425","0","Exclusive Interview: CDC Head Virus Sleuth - ScienceInsider"
"http://blogs.sciencemag.org","/scienceinsider/2009/05/california-insp.html","12029","11491","230.788873","0.953241512","0.941724167","0","California Inspectors Fine UCLA Lab in Fatal Fire - ScienceInsider"
"http://blogs.sciencemag.org","/scienceinsider/2009/11/fmri-evidence-u.html","7315","6824","219.630597","0.909118312","0.890088859","0","fMRI Evidence Used in Murder Sentencing - ScienceInsider"
"http://blogs.sciencemag.org","/scienceinsider/special/swine-flu-timeline.html","6418","5099","79.96741286","0.674197384","0.450140231","0","Swine Flu Outbreak, Day by Day - ScienceInsider"
"http://blogs.sciencemag.org","/scienceinsider/2009/10/unrevealed-anal.html","6371","5638","215.0781648","0.865314712","0.815256632","0","Unrevealed Analysis Weakens Claim of AIDS Vaccine ""Success"" - ScienceInsider"
"http://blogs.sciencemag.org","/scienceinsider/2010/02/european-atomsm.html","6274","6022","275.8091954","0.939053056","0.930666242","0","Europe's LHC to Run at Half-Energy, Tightening Race for Higgs - ScienceInsider"
"http://blogs.sciencemag.org","/scienceinsider/2009/04/federal-court-y.html","6252","5861","180.3134583","0.928879682","0.906110045","0","Federal Court: You Can't Patent DNA Obtained From a Known Protein - ScienceInsider"
"http://blogs.sciencemag.org","/scienceinsider/2009/03/exclusive-milit.html","6046","5566","209.462888","0.909498041","0.87743963","0","DARPA to Explore Geoengineering - ScienceInsider"
"http://blogs.sciencemag.org","/scienceinsider/2009/02/400-million-for.html","5892","5158","187.8400303","0.804587935","0.776137135","0","$400 Million For Off the Wall Energy Ideas - ScienceInsider"
"http://blogs.sciencemag.org","/scienceinsider/2.html","5768","4437","79.08136483","0.545994065","0.273404993","0","http://blogs.sciencemag.org/scienceinsider/2.html"
"http://blogs.sciencemag.org","/scienceinsider/2009/04/in-full-intervi.html","5731","5306","275.4287856","0.910934394","0.883615425","0","In Full Interview, John Holdren Eschews New Nukes, Hints at Space Flight Delays - ScienceInsider"
"http://blogs.sciencemag.org","/scienceinsider/2009/04/obama-at-the-ac-2.html","5625","5044","253.4823067","0.891442643","0.864355556","0","Obama at the Academy IV: Speech Text - ScienceInsider"
"http://blogs.sciencemag.org","/scienceinsider/2009/09/scientists-in-s.html","5539","4703","140.3372093","0.812707549","0.798158512","0","Research Disrupted as Scientists in Shock Over Yale Murder - ScienceInsider"
"http://blogs.sciencemag.org","/scienceinsider/2008/12/should-politici.html","5295","5137","270.3198381","0.961084906","0.953352219","0","Should Politicians Defer to Scientists? - ScienceInsider"
"http://blogs.sciencemag.org","/scienceinsider/2009/01/new-deputy-dire.html","5254","4986","127.9506173","0.942540529","0.922915874","0","New Deputy Director at NSF - ScienceInsider"
"http://blogs.sciencemag.org","/scienceinsider/2009/02/more-on-nasa-20.html","5229","3898","66.23873571","0.693573668","0.715624402","0","More on NASA 2010 Budget Request - ScienceInsider"
"http://blogs.sciencemag.org","/scienceinsider/2009/05/swine-flu-outbr.html","5199","4368","124.2301051","0.735404392","0.487593768","0","http://blogs.sciencemag.org/scienceinsider/2009/05/swine-flu-outbr.html"
"http://blogs.sciencemag.org","/scienceinsider/2009/04/retrospective-w.html","5195","4789","211.6615067","0.895833333","0.813474495","0","Retrospective: What Happened With Swine Flu in 1976 - ScienceInsider"
"http://blogs.sciencemag.org","/scienceinsider/2009/02/us-army-lab-fre-1.html","5001","4553","199.797654","0.898243212","0.863627275","0","U.S. Army Lab Freezes Research on Dangerous Pathogens - ScienceInsider"
"http://blogs.sciencemag.org","/scienceinsider/2009/04/behind-the-scen.html","4832","4209","235.7759457","0.851438942","0.786630795","0","Behind the Scenes: Navy Researchers Helped Spot Swine Flu in the United States - ScienceInsider"
"http://blogs.sciencemag.org","/scienceinsider/2009/08/collins-sets-fi.html","4557","3983","189.3171188","0.845245127","0.765415844","0","Collins Sets Five Themes for NIH - ScienceInsider"
"http://blogs.sciencemag.org","/scienceinsider/2009/09/us-swine-flu-va.html","4415","4083","200.5351044","0.916098054","0.880634202","0","U.S. Swine Flu Vaccine: Good News, Bad News - ScienceInsider"
"http://blogs.sciencemag.org","/scienceinsider/2009/10/its-on-god-part.html","4374","3964","331.5839416","0.877236444","0.812071331","0","It's On! ""God Particle"" Race Intensifies as Obama Tries to Keep Particle Smasher in Hunt - ScienceInsider"
"http://blogs.sciencemag.org","/scienceinsider/index.html?src=mhp","4309","3879","128.8243626","0.838718015","0.836156881","0","ScienceInsider: Breaking news and analysis from the world of science policy."
"http://blogs.sciencemag.org","/scienceinsider/2009/04/swine-flu-sprea.html","4138","3737","153.4896609","0.813745704","0.70782987","0","Swine Flu Spreads, But Severity and Genetics Remain Murky - ScienceInsider"
"http://blogs.sciencemag.org","/scienceinsider/2009/04/swine-flu-infec.html","4112","3632","169.0712353","0.842085799","0.730301556","0","Swine Flu Infects Seven; Genetic Make-Up Has Scientists Stymied - ScienceInsider"
"http://blogs.sciencemag.org","/scienceinsider/2009/02/nih-grant-pipel.html","4042","3399","156.8798371","0.807051282","0.757050965","0","NIH Grant Pipeline Now Flush With $timulus - ScienceInsider"
"http://blogs.sciencemag.org","/scienceinsider/biomedicine/","3916","3106","97.02439024","0.583815029","0.382277835","0","ScienceInsider: Biomedicine Archives"
"http://blogs.sciencemag.org","/scienceinsider/2009/01/global-health-a.html","3645","3464","160.5683761","0.947922762","0.935802469","0","Global Health at a Discount - ScienceInsider"
"http://blogs.sciencemag.org","/scienceinsider/environmentclimate/","3551","2764","97.80797101","0.654054054","0.378203323","0","ScienceInsider: Environment/Climate Archives"
"http://blogs.sciencemag.org","/scienceinsider/2009/09/the-academys-jo.html","3491","3111","150.751938","0.778785764","0.741334861","0","The Academy's Journal Becomes Less Friendly to the Academy Members - ScienceInsider"
"http://blogs.sciencemag.org","/scienceinsider/2009/09/annie-le-198520.html","3259","2924","81.86199095","0.888305322","0.864375575","0","Annie Le, 1985â€“2009 - ScienceInsider"
"http://blogs.sciencemag.org","/scienceinsider/2009/10/aids-vaccine-st.html","3251","2806","256.922734","0.832061069","0.792986773","0","AIDS Vaccine Study Reassures Skeptics - ScienceInsider"
"http://blogs.sciencemag.org","/scienceinsider/2009/01/collins-dominat.html","3181","2484","110.3563337","0.736320551","0.694750079","0","Collins Dominates Rumor Mill for NIH Director - ScienceInsider"
"http://blogs.sciencemag.org","/scienceinsider/budget/","3114","2483","90.90608067","0.608422939","0.466602441","0","ScienceInsider: Budget Archives"
"http://blogs.sciencemag.org","/scienceinsider/2009/10/iran-verbatim-c.html","3090","2613","272.9943343","0.847788378","0.771521036","0","Iran: Verbatim Copying Not &ldquo;Scientific Theft&rdquo; - ScienceInsider"
"http://blogs.sciencemag.org","/scienceinsider/2009/09/massive-aids-va.html","3051","2535","216.7464325","0.776531089","0.701409374","0","Massive AIDS Vaccine Study a ""Modest"" Success - ScienceInsider"
"http://blogs.sciencemag.org","/scienceinsider/2009/11/a-philosopher-s.html","3001","2769","145.8164557","0.827517843","0.789403532","0","A Philosopher Stares at ""Stares at Goats"" - ScienceInsider"
"http://blogs.sciencemag.org","/scienceinsider/2009/11/physicists-back.html","2966","2622","218.7445008","0.842746851","0.80074174","0","Physicists Back Where They Started As Supercollider About to Circulate Beams - ScienceInsider"
"http://blogs.sciencemag.org","/scienceinsider/2009/11/critics-of-god.html","2907","2497","220.2230889","0.839157706","0.779497764","0","&quot;God Machine&quot; Critics to U.N.: Experiment an Affront to Human Rights - ScienceInsider"
"http://news.sciencemag.org","/scienceinsider/2010/04/evolution-big-bang-polls-omitted.html","49643","47135","253.8607935","0.947976384","0.940092259","0","Evolution, Big Bang Polls Omitted From NSF Report - ScienceInsider"
"http://news.sciencemag.org","/scienceinsider/","25142","20069","178.3205575","0.724082844","0.657545144","0","ScienceInsider: Breaking news and analysis from the world of science policy."
"http://news.sciencemag.org","/scienceinsider/2010/02/texas-supplied-newborn-blood-sam.html","23652","23062","219.0968944","0.97473224","0.965964823","0","Texas Supplied Newborn Blood Samples to Forensic Database - ScienceInsider"
"http://news.sciencemag.org","/scienceinsider/2010/03/mits-suresh-tapped-to-be-nsf-dir.html","6189","5511","189.2776256","0.856536011","0.823073194","0","MIT's Suresh Tapped to Be NSF Director - ScienceInsider"
"http://news.sciencemag.org","/scienceinsider/2010/02/the-latest-buzz-orszag-budgets-f.html","5364","5205","157.1321321","0.960015914","0.937919463","0","The Latest Buzz: Orszag Budgets for Caffeine Genetic Marker - ScienceInsider"
"http://news.sciencemag.org","/scienceinsider/2010/04/french-researchers-ask-science-m.html","5128","4788","240.7081174","0.908270677","0.887090484","0","French Researchers Ask Science Minister to Disavow Climate Skeptic - ScienceInsider"
"http://news.sciencemag.org","/scienceinsider/2010/04/exclusive-aids-scientist-investi.html","3572","3130","394.482808","0.845971564","0.804591265","0","Exclusive: AIDS Scientist Investigated for Misconduct After Complaint - ScienceInsider"
"http://news.sciencemag.org","/scienceinsider/2010/03/elsevier-to-editor-change-contro.html","3053","2722","270.30625","0.860325621","0.790370128","0","Elsevier to Editor: Change Controversial Journal or Resign - ScienceInsider"
"http://news.sciencemag.org","/scienceinsider/2010/03/scientists-case-on-background-ch.html","2694","2493","108.0386643","0.85046729","0.788789903","0","Scientists Case on Background Check Reaches High Court  - ScienceInsider"
"http://news.sciencemag.org","/scienceinsider/2010/02/nih-director-ruffles-feathers-ag.html","2428","2116","236.7220497","0.797837838","0.73476112","0","NIH Director Ruffles Feathers Again With New Religion Book - ScienceInsider"
"http://news.sciencemag.org","/index.html","129633","87764","130.0760384","0.575321707","0.487576466","0","Science/AAAS | News - Up to the minute news and features from Science."
"http://news.sciencemag.org","/sciencenow/2010/04/does-our-universe-live-inside-a-.html","78960","72012","209.6163806","0.859937776","0.828824721","0","Does Our Universe Live Inside a Wormhole? - ScienceNOW"
"http://news.sciencemag.org","/sciencenow/2007/06/21-01.html","64155","59194","162.0994398","0.912477384","0.91096563","0","No More Black Holes? - ScienceNOW"
"http://news.sciencemag.org","/sciencenow/2010/04/saturns-strange-hexagon-recreate.html","50046","46651","204.826087","0.915360151","0.880050354","0","Saturn's Strange Hexagon Recreated in the Lab - ScienceNOW"
"http://news.sciencemag.org","/scienceinsider/2010/04/evolution-big-bang-polls-omitted.html","49643","47135","263.3612489","0.945435694","0.930967105","0","Evolution, Big Bang Polls Omitted From NSF Report - ScienceInsider"
"http://news.sciencemag.org","/sciencenow/2010/04/does-our-universe-live-inside-a-.html?rss=1&sms_ss=digg","49047","47041","268.2930158","0.931417625","0.923807776","0","Does Our Universe Live Inside a Wormhole? - ScienceNOW"
"http://news.sciencemag.org","/sciencenow/2010/04/scienceshot-animals-that-live-wi.html?rss=1","44429","42410","191.4222571","0.932582651","0.92820005","0","ScienceShot: Animals That Live Without Oxygen  - ScienceNOW"
"http://news.sciencemag.org","/sciencenow/2010/03/scienceshot-pac-man-gobbles-the-.html","34748","33620","176.4505788","0.960215284","0.935363186","0","ScienceShot: Pac-Man Gobbles the Death Star - ScienceNOW"
"http://news.sciencemag.org","/sciencenow/2010/04/science-nature-team-up-on-new-jo.html","29776","22383","176.371265","0.760084721","0.706642934","0","Science, Nature Team Up on New Journal - ScienceNOW"
"http://news.sciencemag.org","/sciencenow/index.html","20646","13574","66.17332628","0.535505267","0.267848494","0","Science News Headlines from ScienceNOW- The latest news from the science world"
"http://news.sciencemag.org","/","14489","9777","118.7265252","0.556765677","0.479605218","0","Science/AAAS | News - Up to the minute news and features from Science."
"http://news.sciencemag.org","/sciencenow/2010/04/japanese-guts-are-made-for-sushi.html","14183","13651","215.312812","0.901369388","0.830501304","0","Japanese Guts Are Made for Sushi - ScienceNOW"
"http://news.sciencemag.org","/sciencenow/2010/04/does-our-universe-live-inside-a-.html?rss=1","13805","13275","292.6166902","0.91034907","0.897573343","0","Does Our Universe Live Inside a Wormhole? - ScienceNOW"
"http://news.sciencemag.org","/sciencenow/2010/04/finally-element-117-is-here.html","10653","9730","187.8350126","0.81222467","0.701868018","0","Finally, Element 117 Is Here! - ScienceNOW"
"http://news.sciencemag.org","/scienceinsider/index.html","10186","8271","138.9533553","0.695324284","0.553799332","0","ScienceInsider: Breaking news and analysis from the world of science policy."
"http://news.sciencemag.org","/sciencenow/2008/07/24-01.html","9853","8721","139.3701068","0.861255924","0.857403836","0","Girls = Boys at Math - ScienceNOW"
"http://news.sciencemag.org","/sciencenow/2010/03/researchers-discover-new-lineage.html","9510","8584","203.1635389","0.838041431","0.725446898","0","Researchers Discover New Lineage of Ancient Human - ScienceNOW"
"http://news.sciencemag.org","/sciencenow/2010/03/researchers-discover-new-lineage.html?rss=1","8946","8065","176.8596788","0.872256253","0.867762128","0","Researchers Discover New Lineage of Ancient Human - ScienceNOW"
"http://news.sciencemag.org","/sciencenow/2010/04/science-nature-team-up-on-new-jo.html?rss=1","8789","7153","178.7853484","0.803065024","0.777904198","0","Science, Nature Team Up on New Journal - ScienceNOW"
"http://news.sciencemag.org","/sciencenow/2010/04/earth-like-planets-may-abound-in.html","8673","7791","165.4351529","0.820566267","0.702179177","0","Earth-Like Planets May Abound in the Milky Way - ScienceNOW"
"http://news.sciencemag.org","/sciencenow/2010/04/mass-of-the-common-quark-finally.html","8486","7670","224.7180187","0.816434161","0.697855291","0","Mass of the Common Quark Finally Nailed Down - ScienceNOW"
"http://news.sciencemag.org","/sciencenow/2009/11/24-01.html","8037","7126","114.9606004","0.873822144","0.867363444","0","Wind Turbines Take a Lesson From Lance Armstrong - ScienceNOW"
"http://news.sciencemag.org","/sciencenow/2010/04/scienceshot-animals-that-live-wi.html","8015","7351","181.5536829","0.891269841","0.800124766","0","ScienceShot: Animals That Live Without Oxygen  - ScienceNOW"
"http://news.sciencemag.org","/sciencenow/2007/02/16-04.html","7843","7079","156.1411902","0.889440113","0.890730588","0","After a Short Delay, Quantum Mechanics Becomes Even Weirder - ScienceNOW"
"http://news.sciencemag.org","/sciencenow/2010/03/could-tiny-bubbles-cool-the-plan.html","7616","7049","185.6672574","0.821715328","0.70365021","0","Could Tiny Bubbles Cool the Planet? - ScienceNOW"
